[{"name":"Primeiro Email de Cobranca D+1\n","aliases":"","description":""},{"name":"Segundo Email de Cobranca D+5","aliases":"","description":""},{"name":"Terceiro Email de Cobranca D+10","aliases":"","description":""},{"name":"Contato Telefonico D+15","aliases":"","description":""},{"name":"Envio ao Vendedor e Gerente da Filial D+60","aliases":"","description":""},{"name":"Cobranca Judicial D+90","aliases":"","description":""},{"name":"Importacao Aerea D - 15","aliases":"","description":""},{"name":"Importacao Maritima D - 15","aliases":"","description":""},{"name":"Exportacao Aerea D - 7","aliases":"","description":""},{"name":"Exportacao Maritima D - 7","aliases":"","description":""}]